Landreis ID,weekly_cases,inzidenz,weekly_cases_A00-A04,inzidenz_A00-A04,weekly_cases_A05-A14,inzidenz_A05-A14,weekly_cases_A15-A34,inzidenz_A15-A34,weekly_cases_A35-A59,inzidenz_A35-A59,weekly_cases_A60-A79,inzidenz_A60-A79,weekly_cases_A80+,inzidenz_A80+,weekly_cases_unbekannt,inzidenz_unbekannt
1001,39.0,43.254513996717094,2.0,38.83495145631068,5.0,73.2922896511287,13.0,48.08403610001479,13.0,46.79120325378829,4.0,28.968713789107763,0.0,0.0,2.0,221.8180204959851
1002,246.0,99.67827418818933,8.0,59.75054148928225,59.0,339.70520497466606,98.0,127.51450802820933,71.0,89.80293946522983,7.0,19.73610014661103,3.0,12.168904392974486,,
1003,128.0,59.11421050200896,4.0,35.593521978999824,23.0,143.75898493655853,47.0,89.26366968643762,45.0,62.06639725252748,9.0,24.846778201093258,0.0,0.0,,
1004,38.0,47.38390942191631,6.0,139.14656771799628,8.0,122.32415902140673,10.0,51.96964972456086,13.0,48.436976042326464,0.0,0.0,1.0,10.117361392148927,0.0,0.0
1051,102.0,76.58060108263948,0.0,0.0,15.0,143.59563469270535,42.0,150.1931054212559,35.0,77.48505645339827,9.0,34.71686468137633,1.0,5.823772639916138,,
1053,188.0,94.94038450855726,7.0,61.03941402162539,24.0,142.02023788389846,53.0,133.5113484646195,83.0,115.35949075039264,16.0,47.68859348454591,5.0,20.445716622367613,0.0,0.0
1054,59.0,35.552663135503856,6.0,72.27174174897615,10.0,79.57981855801368,15.0,41.82233870518039,19.0,33.38311517174734,6.0,19.193243978119703,3.0,14.257877477306211,0.0,0.0
1055,175.0,87.26482130657877,5.0,56.618729475710566,25.0,171.23287671232876,45.0,123.46017723394331,65.0,93.35458945524006,27.0,65.13714988781935,8.0,27.04438659950644,0.0,0.0
1056,345.0,109.14164054121599,14.0,77.85563341118896,43.0,160.80777860882574,105.0,159.846547314578,136.0,118.21872202084474,35.0,66.93312424700235,12.0,31.28177054821303,0.0,0.0
1057,54.0,41.962606654958584,1.0,15.571473061351604,8.0,78.17080320500293,17.0,72.34658268788833,23.0,50.88157865628388,3.0,11.983223487118035,2.0,10.932546190007653,0.0,0.0
1058,157.0,57.27878350079169,9.0,61.681858680008226,38.0,165.79406631762652,38.0,69.55248467099844,57.0,58.2691010202204,12.0,23.93823934249636,3.0,8.823269903826358,,
1059,91.0,45.23852134661656,6.0,54.560334636719105,17.0,100.62148564664102,19.0,46.4604474874679,36.0,51.452827761659066,12.0,32.15003348961822,1.0,3.987717829086413,0.0,0.0
1060,181.0,65.30170469919726,12.0,77.61966364812419,20.0,85.81112970352255,46.0,79.23111371387233,82.0,80.9213188201277,15.0,32.080757961374765,6.0,18.598884066955982,0.0,0.0
1061,126.0,96.17366215566395,6.0,87.62961881115817,17.0,163.49297941911905,41.0,149.80452336585188,44.0,93.62299721258803,15.0,64.20958006934634,3.0,18.70207593042828,0.0,0.0
1062,269.0,110.1754615901309,10.0,73.82798080472499,31.0,144.88689474668163,90.0,193.66083532373636,93.0,103.46669040096124,38.0,92.27332329658589,6.0,18.941785578987247,1.0,40.95742066547617
2000,1891.0,102.36821918816752,56.0,47.34728387233143,210.0,143.48280597708376,626.0,126.626831133209,750.0,114.67013225288586,210.0,83.8527545629874,38.0,20.678696589103414,1.0,5.413443637660895
3101,178.0,71.3695741080808,6.0,45.38577912254161,19.0,108.86380564945854,55.0,79.95813101503212,64.0,77.45183464033305,30.0,78.67820613690007,4.0,13.705670721260923,,
3102,323.0,309.7103297504099,25.0,368.8947912055482,42.0,459.5688806215122,111.0,468.9678482403143,110.0,325.29942333284043,22.0,121.50668286755771,13.0,101.68165819319515,0.0,0.0
3103,254.0,204.22767365382606,18.0,229.73835354179963,39.0,398.85457148701164,78.0,268.78015161957273,86.0,203.82527907472803,29.0,146.56087330065193,4.0,25.383931971062317,,
3151,124.0,70.24580366297876,6.0,54.07354001441961,10.0,65.17630189663039,45.0,119.65221090696376,48.0,75.00585983279943,11.0,36.280879976252514,4.0,22.025218875612577,0.0,0.0
3153,107.0,78.50790948845126,8.0,135.2265043948614,13.0,143.7576025655203,28.0,97.59157924087692,41.0,90.75816270060875,14.0,51.81347150259067,3.0,14.672079033599061,,
3154,71.0,77.76816324742325,1.0,19.9203187250996,8.0,113.49127535820683,19.0,102.94755093194625,28.0,86.45711109738777,13.0,75.9301442672741,2.0,17.75410563692854,0.0,0.0
3155,93.0,70.30275541444608,6.0,91.75714941122496,13.0,132.35593565465282,29.0,110.35427527683701,36.0,79.2916611603013,8.0,30.546009927453227,1.0,5.539245554755443,,
3157,223.0,165.42903984391808,10.0,124.33171702101205,31.0,267.61049723756906,84.0,296.71494171670787,62.0,127.41471434443075,30.0,131.51549690938583,6.0,38.97875657766517,0.0,0.0
3158,112.0,93.6282623597666,11.0,178.07997409745832,16.0,176.854205814082,30.0,121.49684108213187,42.0,99.14546055427034,12.0,54.10035616067806,1.0,6.595000989250148,,
3159,228.0,69.92985544762776,17.0,102.0775789600096,31.0,128.29001820890582,74.0,90.30557453870937,78.0,73.42005685347992,25.0,43.24586137106679,3.0,7.646818923327896,0.0,0.0
3241,1439.0,124.36101856773095,62.0,92.9159111004541,200.0,214.44271698922427,479.0,171.09587083869124,541.0,135.7870377342389,132.0,71.57963234097934,23.0,17.121375665314325,2.0,17.28436672240875
3251,194.0,89.36426995379774,4.0,33.542976939203356,13.0,72.80058240465924,66.0,145.09002176350327,85.0,109.91995241112649,22.0,56.70541536716757,4.0,15.569048731122528,0.0,0.0
3252,155.0,104.34267480763923,7.0,89.1492613346918,25.0,216.18817018332757,44.0,147.33951712821886,54.0,107.09610884137876,21.0,74.94379215588309,4.0,19.205838574926776,,
3254,254.0,92.09004521113637,10.0,70.17051434987019,38.0,181.4535383439977,88.0,141.74344436569808,95.0,100.64412238325282,20.0,40.60006902011733,3.0,8.599191675982457,0.0,0.0
3255,54.0,76.64140338925317,3.0,87.31082654249127,5.0,96.73050880247631,20.0,138.66740622616655,19.0,81.20699234944651,6.0,43.25259515570934,1.0,9.841551028442083,,
3256,117.0,96.38355712991185,6.0,90.75782786265316,8.0,79.04357276948917,22.0,84.40113557891506,54.0,127.78040700425935,25.0,113.35298118340512,2.0,14.008545212579673,,
3257,180.0,114.05398555316182,5.0,61.6370808678501,23.0,191.4433161311803,61.0,190.46429575046054,66.0,119.31879813428789,23.0,78.92118175891295,2.0,9.42951438000943,,
3351,126.0,70.38673601063621,3.0,29.256875365710943,22.0,145.3680454605524,34.0,89.3185519886513,48.0,78.93308776372696,16.0,49.04364884747425,3.0,13.561160835367508,,
3352,140.0,70.69350326704976,4.0,38.90672113607626,16.0,100.54672280525357,51.0,131.48057438964656,48.0,70.78080070780801,15.0,38.01028811798393,7.0,27.15599177561392,-1.0,-50.49535947646411
3353,211.0,82.93014609068864,8.0,54.64854156704693,21.0,96.56504345426956,79.0,155.59144444006776,72.0,77.15801318116058,24.0,55.13565668864435,7.0,23.00588293292142,,
3354,25.0,51.640089234074196,0.0,0.0,2.0,55.38631957906397,9.0,102.2378734522322,10.0,61.80851721367205,3.0,29.013539651837526,1.0,13.915947676036739,,
3355,117.0,63.538956983583056,5.0,47.92485382919582,25.0,160.50333846944017,32.0,74.36844918543308,45.0,68.32882869203438,8.0,26.76659528907923,2.0,10.333247222939809,,
3356,71.0,62.32006179341339,1.0,15.496668216333488,6.0,64.405324173465,34.0,155.03169030139983,27.0,65.54670809865993,3.0,14.165643592407214,0.0,0.0,,
3357,123.0,75.09982781990695,1.0,11.090163025396473,9.0,66.84491978609626,37.0,100.2139703691666,42.0,72.56141805742718,28.0,97.36759745453281,6.0,33.81996505270278,,
3358,129.0,92.30438982505098,5.0,63.239340034599195,13.0,117.69334280560197,60.0,185.91391735793883,38.0,79.12815808682726,11.0,47.122885619463524,2.0,12.674609501761534,,
3359,246.0,120.28634016585823,17.0,140.25245441795232,39.0,222.39963503649636,88.0,193.31737000505262,80.0,111.51535427034109,20.0,57.1787981016639,2.0,8.842905778838926,,
3360,70.0,75.76659559038414,2.0,45.464878381450326,8.0,115.59023262534316,14.0,75.16778523489933,26.0,81.74558259447903,15.0,84.57374830852504,5.0,38.75368159975198,,
3361,166.0,121.05036716180642,6.0,72.38508867173363,31.0,263.9870561185387,48.0,166.04974573632686,56.0,117.41272670091205,19.0,76.87950149712714,5.0,31.675641431738992,1.0,72.92190792879906
3401,153.0,197.26917572428732,6.0,119.76047904191617,25.0,391.91095783038094,45.0,250.18068605103687,54.0,207.06315426204992,21.0,158.33521827640806,2.0,22.621875353466802,,
3402,68.0,136.23705247130007,4.0,140.6964474147028,11.0,275.1375687843922,27.0,212.78272519505083,19.0,114.8660903210205,7.0,82.82063416942735,0.0,0.0,0.0,0.0
3403,196.0,115.9235141385286,6.0,66.20324395895399,30.0,238.8535031847134,69.0,141.0033718197609,63.0,112.62066499821238,21.0,81.23791102514507,7.0,41.843505290214594,,
3404,295.0,178.51631760170892,19.0,215.51724137931035,40.0,334.33634236041456,100.0,192.53354897090819,108.0,206.6194757987373,26.0,110.72782249478301,2.0,11.918240867647935,,
3405,59.0,77.54077461919594,2.0,50.787201625190455,6.0,113.37868480725623,16.0,85.16074089844582,25.0,107.55463775598004,7.0,50.20800459044614,3.0,27.56086357372531,,
3451,148.0,118.533706020391,7.0,98.74453378473692,28.0,267.8913126674321,43.0,164.42965852166265,56.0,128.45215157353886,11.0,48.84330180720217,3.0,19.93355481727575,,
3452,100.0,52.71648022604827,6.0,59.98200539838049,13.0,85.0117708605807,26.0,63.537059211651716,42.0,64.15053993371112,12.0,32.362459546925564,1.0,4.778515792994696,,
3453,282.0,165.21953105775654,8.0,68.89424733034791,36.0,217.3781776462774,96.0,216.5429815261769,115.0,194.8359989156953,24.0,96.17311160088158,3.0,21.131224906670422,,
3454,378.0,115.61259382053744,19.0,96.27077421970004,44.0,153.68494586098498,124.0,157.57637371016114,145.0,126.28681913985612,45.0,83.20236664509568,1.0,3.226535024037685,,
3455,39.0,39.51207651159021,1.0,19.50458357714063,5.0,66.16382162233691,11.0,55.897149245388476,17.0,50.844922984896066,5.0,25.910763331087733,0.0,0.0,,
3456,236.0,172.05931672037445,12.0,147.80145338095824,21.0,172.39963878170923,81.0,260.6345324666967,103.0,214.4493025192588,19.0,81.3077713111948,0.0,0.0,,
3457,173.0,101.31415587153599,3.0,30.73140749846343,16.0,111.99776004479911,54.0,138.5539077333607,61.0,102.83556424694022,25.0,82.34790342237886,14.0,77.53225895774492,,
3458,145.0,110.78004431201772,4.0,54.74952094169176,21.0,190.54532256601036,54.0,195.4680373561138,57.0,119.74538350034663,7.0,30.778701138811943,2.0,13.705201123826493,0.0,0.0
3459,493.0,137.67873100983022,32.0,149.17024053701286,82.0,264.57587197109024,142.0,178.13907392771569,171.0,136.17143266681,49.0,80.64781592547483,17.0,42.94339050698461,,
3460,490.0,343.1036172924223,33.0,345.47738693467335,77.0,566.5513943050548,149.0,394.6079080484123,185.0,372.63827901542925,43.0,208.7986792269593,3.0,25.702535983550376,,
3461,99.0,111.75959269837328,6.0,131.14754098360655,9.0,130.718954248366,28.0,147.97590106754043,34.0,110.79249217935349,16.0,96.07878460337477,6.0,55.248618784530386,,
3462,20.0,35.133330991111265,2.0,70.3482237073514,3.0,65.55944055944056,5.0,42.42321398269133,9.0,46.77268475210477,1.0,8.619946556331351,0.0,0.0,,
4011,949.0,167.2072859385544,30.0,89.87148377819717,130.0,300.71013855797923,318.0,215.67656653757723,337.0,177.41604325371546,118.0,131.6538174028495,16.0,25.02893971154147,0.0,0.0
4012,167.0,146.95141803718664,3.0,42.88777698355968,43.0,446.24325446243256,51.0,186.07026888978072,60.0,162.3200952277892,8.0,40.33071183706392,2.0,15.621338748730766,0.0,0.0
5111,993.0,159.67787842290358,51.0,136.69623951325417,126.0,261.47046006349996,323.0,200.8718959695023,346.0,156.87839204182214,117.0,130.2068842716761,30.0,46.03345097437471,0.0,0.0
5112,1181.0,236.82236918622138,33.0,108.17189497492379,118.0,286.9580019941149,418.0,339.48687127924825,445.0,262.5740517831433,123.0,154.18170878459688,43.0,78.64079445490957,1.0,20.052698491636022
5113,1005.0,172.45521312375593,26.0,75.39947220369457,145.0,319.4465863276861,350.0,244.58078852846222,367.0,188.2756108697102,96.0,99.13975607489182,20.0,29.401387745501587,1.0,17.159722698881186
5114,532.0,233.93150028361995,24.0,185.35681186283597,47.0,256.1587093961195,184.0,351.29252739699876,199.0,254.13122876918754,74.0,191.84900964430156,4.0,14.889261120416899,0.0,0.0
5116,351.0,134.46524207574492,3.0,19.743336623889437,40.0,191.47917663954044,136.0,217.10673350148463,127.0,142.33359857442255,35.0,78.16862088218872,6.0,21.197668256491784,4.0,153.236743106262
5117,324.0,189.88231984621876,17.0,174.82517482517483,40.0,296.40607632456465,106.0,288.40398323991946,119.0,204.88627950620685,34.0,112.54924029262803,8.0,35.76378023157048,,
5119,391.0,185.51555294072992,16.0,133.79045070658083,68.0,414.1543333942384,127.0,266.616282487299,129.0,176.74622530348287,47.0,123.9876539953043,4.0,16.76516199337776,,
5120,312.0,280.2277748836875,15.0,231.69601482854495,29.0,316.490232456619,82.0,334.87156450361414,125.0,321.48552029216603,44.0,233.37222870478413,17.0,126.13147351239056,0.0,0.0
5122,283.0,177.71358598386135,14.0,151.76151761517616,40.0,303.37504740235113,96.0,267.40947075208913,101.0,180.59255815616785,25.0,96.25009625009625,7.0,36.77629505096144,0.0,0.0
5124,847.0,238.5243593353985,45.0,210.51646706586826,101.0,339.6899068375206,274.0,313.0212260378824,289.0,241.23941968981117,103.0,181.7347730961959,35.0,87.53720331140735,0.0,0.0
5154,514.0,164.49842382346822,26.0,151.05740181268882,76.0,299.3894031908607,156.0,216.26117695986693,198.0,179.68799629733826,42.0,76.05802140490032,13.0,40.22152779926364,3.0,96.01075320435889
5158,1027.0,211.50400560166403,47.0,170.5431982292536,123.0,308.93655498066005,288.0,295.5665024630542,379.0,222.3369431310204,124.0,144.9224547993876,64.0,98.86918371130199,2.0,41.18870605679923
5162,586.0,129.9314644783784,24.0,94.06165988414807,98.0,274.92782324751505,171.0,164.18778119413318,216.0,139.37512922367418,56.0,74.33807160539838,19.0,37.31146187027583,2.0,44.7886618167789
5166,406.0,135.8481980037676,20.0,125.61236025624922,46.0,195.32908704883226,126.0,202.85281901020704,159.0,146.95009242144178,45.0,83.18237273096972,9.0,25.729723548414764,1.0,33.460147291568376
5170,804.0,174.79172826408333,16.0,65.260839417547,107.0,301.9187358916478,221.0,232.7908569020909,321.0,199.70013873249513,103.0,116.42891054190311,36.0,64.42722408146464,,
5314,609.0,184.72850369912004,31.0,157.3923639317628,82.0,290.64615602736325,206.0,219.3659684581554,212.0,193.41124522173868,64.0,139.68004539601475,13.0,40.09004841644309,1.0,30.333087635323487
5315,2717.0,249.75571372498192,98.0,151.27892437597444,349.0,415.67908145642514,833.0,273.2186667716246,1029.0,266.6321176394377,333.0,224.62511888942103,66.0,65.95580960756293,9.0,82.73100565052768
5316,416.0,254.07838562502673,25.0,258.96001657344107,44.0,319.8836786623046,132.0,361.12934996717007,144.0,249.60565772824185,52.0,200.03077396522542,19.0,94.61680195209402,0.0,0.0
5334,972.0,174.49813832747483,34.0,114.11310622587682,139.0,335.23056145089714,335.0,213.09212576888092,327.0,182.92887591044877,104.0,115.19461243658758,33.0,55.445411472159684,,
5358,463.0,174.95597759958886,24.0,157.6976148235758,64.0,295.8169632539866,137.0,228.4437478114422,154.0,168.37225575089653,57.0,118.78712097530479,27.0,95.19108729375264,0.0,0.0
5362,830.0,176.5623105411954,42.0,157.92608914247612,117.0,314.9065349628945,242.0,222.92731390321177,336.0,208.00510935894707,80.0,101.88645329633906,13.0,24.492618059498184,0.0,0.0
5366,405.0,209.13372165076217,12.0,110.25358324145535,48.0,304.85868529691965,112.0,272.16835556851595,153.0,222.26096051599407,65.0,181.03328227266397,15.0,70.97903752425117,0.0,0.0
5370,396.0,154.95685860186651,18.0,124.79201331114808,50.0,238.93720730192106,125.0,223.03108161153338,157.0,172.31160963188972,42.0,91.4534567229178,4.0,14.749262536873156,0.0,0.0
5374,724.0,265.71635146492656,16.0,103.7968983595073,59.0,273.97291237600086,219.0,348.0581722433191,271.0,289.4435123620159,105.0,230.7148558507321,42.0,136.52146859406082,12.0,444.81798062913117
5378,405.0,142.87982219399905,18.0,112.24656569659197,43.0,191.9376768048291,127.0,194.02049349900102,155.0,159.13378422461972,54.0,114.05548724469612,8.0,24.996419903246487,,
5382,712.0,118.71019373770382,40.0,117.88341013752256,72.0,151.8855355827107,198.0,142.95561442059397,299.0,145.07548225112097,89.0,88.83918653469654,13.0,19.196555955469407,1.0,16.83950781953383
5512,151.0,128.43958661166164,4.0,62.97229219143577,19.0,213.93987163607702,51.0,198.9001989001989,62.0,150.8662643566284,14.0,63.33122229259025,0.0,0.0,1.0,85.05932888189511
5513,680.0,261.89605037647556,22.0,134.61420791776297,91.0,406.8130001341142,237.0,383.5572099045153,229.0,261.6963408223436,86.0,195.4767587225821,14.0,50.6475652991824,1.0,38.51412505536405
5515,310.0,98.32124404918599,13.0,75.5945804500785,52.0,230.25150549061283,121.0,117.69855551772774,106.0,105.59241328472098,14.0,32.70798775786744,4.0,13.551053594416967,,
5554,550.0,148.11264100996664,20.0,87.95461541844408,77.0,232.48792270531402,182.0,208.5027895840255,199.0,151.11819873182216,64.0,106.45552986576622,8.0,21.98587407590623,,
5558,203.0,92.02759921300536,4.0,30.639601685178093,27.0,147.04280579457574,53.0,111.68004720062372,80.0,101.80837119332138,31.0,77.95408253074157,8.0,34.237781391765814,0.0,0.0
5562,1150.0,187.2546353663759,57.0,167.33208078910286,139.0,288.999313886521,356.0,274.46475517898034,425.0,198.92999068539572,141.0,121.32789509009241,29.0,40.04861072750373,3.0,48.84903531296763
5566,755.0,168.44406764535273,39.0,144.20943647389439,117.0,298.37804753646844,251.0,245.3424041600688,267.0,167.9963758085219,66.0,89.24104547236908,15.0,32.07252667365135,,
5570,497.0,178.87993089547942,26.0,162.26674155900892,71.0,296.4261857047428,140.0,229.4630564479119,185.0,189.24475996603823,60.0,124.6856881610939,14.0,45.19774011299435,1.0,35.99193780593147
5711,724.0,216.63998563712804,18.0,90.56603773584905,87.0,310.6809984644502,266.0,299.2092327420389,259.0,234.29160711378069,84.0,168.18837097549255,10.0,27.081189405838703,0.0,0.0
5754,796.0,218.11924217264303,53.0,241.46885962914027,88.0,276.88628783588194,255.0,301.2332845059774,304.0,233.69155789247114,77.0,132.9626495829808,19.0,49.27641475180248,0.0,0.0
5758,434.0,173.1995626112428,20.0,141.1333004022299,74.0,352.4648725887116,133.0,245.9546925566343,143.0,163.0372819518869,57.0,132.00250110002085,7.0,22.991525980424356,,
5762,104.0,74.15276896421416,4.0,54.08328826392645,10.0,85.98452278589853,29.0,96.70212411217446,37.0,76.66169401624398,19.0,72.90587467863858,5.0,29.566554313760275,0.0,0.0
5766,546.0,157.1159723061517,20.0,97.14868606402098,76.0,246.4252131902338,192.0,251.00992273600815,187.0,161.154104689843,56.0,91.94496437132631,15.0,35.169163677287756,0.0,0.0
5770,489.0,157.53409211717442,17.0,94.32915325713017,79.0,295.31606295091774,138.0,201.07238605898124,172.0,162.56013307248102,54.0,99.8834692858332,29.0,78.09554586093607,0.0,0.0
5774,535.0,173.79214459506431,22.0,118.32410046791803,75.0,285.3121314718302,186.0,228.1424786576391,193.0,185.46813888007995,50.0,102.60619741432383,9.0,31.424581005586592,,
5911,652.0,178.3433218358421,29.0,151.0652706152003,107.0,416.0833722196298,215.0,226.6330757797759,219.0,182.63850086315455,57.0,90.55380802592698,23.0,53.54814676848575,2.0,54.70654044044236
5913,1223.0,207.9048023799405,49.0,141.80292287657358,126.0,273.54435326299335,431.0,286.0859983803948,450.0,226.34334776900906,141.0,149.5450013787837,18.0,28.17783343769568,8.0,135.99660008499788
5914,527.0,279.300001059962,27.0,236.36522804867374,93.0,588.0121396054628,166.0,382.90314395774226,204.0,322.11713063112853,30.0,93.92023041763196,6.0,26.291573550677008,1.0,52.998102667924485
5915,460.0,255.67487049511993,20.0,192.17834150091284,70.0,451.70032909595403,142.0,329.48929159802304,160.0,261.3183510812047,48.0,159.37842414583125,18.0,91.97751660705161,2.0,111.16298717179127
5916,457.0,292.1079712877679,23.0,261.6609783845279,56.0,457.96532548249917,127.0,346.18110450853186,143.0,265.47851109254617,45.0,167.08127575836335,7.0,39.003733214464816,56.0,3579.44122365755
5954,570.0,175.76535017391518,30.0,163.5175389126368,97.0,378.447850351412,166.0,221.66366120147183,201.0,180.37206606718726,64.0,118.15304769376799,12.0,32.772653087031905,,
5958,411.0,157.78865534120357,7.0,47.5025225190501,32.0,155.43894215789226,140.0,232.7501636657532,180.0,201.1042611440049,40.0,91.93915144183268,12.0,40.80253500532527,0.0,0.0
5962,964.0,233.91245268368436,29.0,124.38241533025668,120.0,368.4117349792869,275.0,288.95952101728676,392.0,276.8070776206228,112.0,162.7049920437538,36.0,77.36610918309302,,
5966,251.0,187.3763577320742,3.0,39.61965134706814,24.0,216.11886537595677,65.0,216.03296995479926,106.0,220.5025794641371,47.0,205.38367418283516,6.0,42.15259238443164,0.0,0.0
5970,371.0,133.96210064128488,19.0,120.56602576305603,45.0,206.4977973568282,129.0,193.14557786461842,125.0,134.65039371775123,42.0,86.687306501548,11.0,35.12020688994604,,
5974,369.0,122.27247875142899,33.0,194.89723600283486,48.0,191.12084411706152,122.0,183.3483618875864,119.0,111.89573949919604,44.0,83.38544923910777,3.0,8.802300334487413,,
5978,961.0,243.35829380765833,54.0,248.63023159445646,118.0,376.2875091680219,321.0,383.8381422712217,353.0,255.95661064141422,90.0,123.04999931638889,25.0,53.04589530862102,0.0,0.0
6411,202.0,126.34633908355121,4.0,42.877050058955945,28.0,225.62449637389201,83.0,159.41305266392655,71.0,142.2902721551966,14.0,64.94711449248469,2.0,13.680826321909842,0.0,0.0
6412,1327.0,173.83216746574445,31.0,62.68197994176642,170.0,276.8008336589814,415.0,193.33168729647764,540.0,192.41390368615154,140.0,144.1678938100485,29.0,48.25532056508644,2.0,26.199271660247845
6413,389.0,298.5876573533927,19.0,212.05357142857142,38.0,328.3221012614481,135.0,377.28466826896204,149.0,326.8045533305551,40.0,227.75152308831065,8.0,74.01924500370096,0.0,0.0
6414,517.0,185.65467512227355,22.0,122.54219350526374,60.0,251.57232704402514,157.0,233.7387783054683,190.0,195.68866962602866,69.0,163.60015174506827,18.0,59.53759137366454,1.0,35.90999518806064
6431,482.0,178.29400014796184,15.0,99.14077990746861,78.0,367.2143496068923,140.0,245.8080941093846,180.0,186.4068017770782,61.0,123.45179308669958,8.0,25.774026225071683,0.0,0.0
6432,377.0,126.57632854783041,16.0,91.10060923532426,45.0,180.6140878988561,115.0,177.06472870604176,152.0,141.37430707987647,41.0,79.61319637274511,8.0,25.475273063083144,0.0,0.0
6433,593.0,215.06858257835677,22.0,124.76606363069246,80.0,336.06385213190504,200.0,306.65440049064705,241.0,243.36797035152028,37.0,87.18395815170008,13.0,47.098036374175784,0.0,0.0
6434,338.0,142.87888267022876,11.0,82.19184122004152,46.0,246.02830643802278,85.0,155.59594579271663,138.0,169.76386174483403,50.0,126.54001914815528,6.0,22.46335094416754,2.0,85.38915473191187
6435,759.0,181.1672037235947,28.0,118.13552503305478,102.0,308.04479672207697,205.0,211.89449423851462,292.0,202.83153209841436,110.0,157.194387868436,22.0,46.50851070558662,0.0,0.0
6436,331.0,139.23065598250153,10.0,74.35181160986318,39.0,207.56177833045493,98.0,178.50934534917428,148.0,181.16879902178036,29.0,73.03170165126397,7.0,26.07815499701513,0.0,0.0
6437,132.0,136.36645385235232,8.0,146.0858937835147,24.0,313.70450674531236,40.0,178.9458426851708,50.0,150.32057716264993,8.0,49.480052215565124,2.0,18.299345553820153,,
6438,574.0,161.32069373519235,14.0,64.41520198766909,62.0,204.29682351390537,188.0,240.74168928955592,232.0,182.49467068364706,69.0,117.41682974559687,9.0,22.64321835610235,0.0,0.0
6439,266.0,142.12666371014708,19.0,179.4453484124802,33.0,223.09188093636638,86.0,198.98501959592318,87.0,135.27825481841944,32.0,102.36475460415102,4.0,18.928921182949967,5.0,269.8269367429484
6440,331.0,108.0075703191281,4.0,23.071236615637694,40.0,165.1437318841651,86.0,121.52137085594921,140.0,132.9440952781196,54.0,105.49369619834674,7.0,20.230014286417124,0.0,0.0
6531,659.0,243.45371793356188,23.0,151.00781301293415,60.0,294.84029484029486,266.0,342.7923400087631,214.0,245.34250501576383,66.0,151.59171298635675,17.0,63.56090630374636,13.0,480.2577136777397
6532,438.0,172.59247291913766,8.0,55.721449723405414,37.0,184.46983756498676,145.0,247.4250969980217,180.0,206.41205633877252,60.0,141.54858678176922,7.0,24.42967715047223,1.0,39.79872092427604
6533,496.0,288.5197077574573,29.0,315.3887982599239,55.0,392.15686274509807,160.0,421.13020819624666,179.0,294.65505605030535,63.0,203.00315782689952,9.0,47.57876929583421,1.0,58.169295918842195
6534,436.0,176.45820854446262,13.0,99.6626801594603,39.0,200.35961983046494,168.0,246.7503855474774,161.0,197.81056873610103,45.0,112.59288913353517,10.0,39.78990927900684,0.0,0.0
6535,147.0,138.83904116058105,3.0,50.08413815826939,15.0,179.25093529777635,40.0,163.5996116307369,60.0,164.91506709446935,24.0,135.71006519850033,5.0,41.825026231102854,0.0,0.0
6611,462.0,228.55785927366094,14.0,118.32319134550372,67.0,438.3669196545407,188.0,318.61166661017523,151.0,234.79288468715015,33.0,107.38342390420097,9.0,42.914362006484836,,
6631,596.0,267.09090501691725,29.0,228.88713496448304,70.0,382.78558538852735,200.0,376.5769158350593,209.0,273.8039092385893,81.0,217.38547006253188,7.0,27.467137531881498,0.0,0.0
6632,310.0,256.7947050588557,5.0,76.79311933650744,21.0,218.45417663580568,83.0,328.8952290378824,127.0,308.52200952288405,58.0,253.02098329189025,15.0,98.21896280775275,1.0,82.83700163188892
6633,413.0,174.4353026642564,19.0,152.512441804463,39.0,213.48806656448434,141.0,301.5462263949186,153.0,185.5917708851393,54.0,117.96832332058985,7.0,22.53339771446966,0.0,0.0
6634,244.0,135.38857631143813,6.0,58.8475145090083,25.0,175.51252092287996,53.0,127.34915590947215,113.0,182.46747109514834,30.0,99.65979655013552,17.0,83.54357643799761,0.0,0.0
6635,202.0,129.15105558610284,0.0,0.0,24.0,191.67798099193354,57.0,174.09364405485476,78.0,143.34282826426536,36.0,123.18220701454234,5.0,26.00915522263837,2.0,127.87233226346815
6636,104.0,102.95296831226428,4.0,69.99229014154379,15.0,187.87660025003677,31.0,132.89089709836315,39.0,112.3530728292104,14.0,82.97363478557052,1.0,8.76753442944595,,
7111,167.0,146.42443797566023,6.0,98.32841691248771,20.0,249.46987651241113,60.0,184.82010842779695,55.0,153.85045735545052,22.0,121.78245225574315,0.0,0.0,4.0,350.7172167081682
7131,143.0,109.92727887705057,9.0,129.34751365334867,18.0,186.0080603492818,51.0,189.344718767403,54.0,121.52308938698353,10.0,40.44816567568661,1.0,5.761364291064124,0.0,0.0
7132,136.0,105.58596327782307,5.0,69.92029086841,14.0,133.44771709083977,48.0,173.06028266512834,44.0,98.16169908977334,17.0,71.79963677830806,8.0,53.59774889454643,,
7133,209.0,131.9902744008336,8.0,92.08103130755065,15.0,118.76484560570071,68.0,206.09807843850396,77.0,140.53402931138325,34.0,112.05589611759278,5.0,26.455026455026456,2.0,126.30648268022355
7134,131.0,161.82628997788785,7.0,158.15634884771802,16.0,265.3839774423619,49.0,285.29839883551676,35.0,129.42829672361512,10.0,62.000124000248,14.0,137.93103448275863,0.0,0.0
7135,46.0,74.949083503055,1.0,33.47840642785403,4.0,89.2458723784025,12.0,95.48818333731201,14.0,65.57991380925614,13.0,107.80330043950576,2.0,25.214321734745337,,
7137,394.0,183.73951891957432,19.0,156.4558629776021,56.0,330.91059504815934,119.0,255.90847508655727,148.0,196.42975645364655,35.0,88.78516526724334,10.0,41.49377593360996,7.0,326.440769654066
7138,276.0,150.97559774849435,16.0,151.9756838905775,32.0,212.0047701073274,94.0,237.44569061331717,95.0,150.7338357794526,26.0,77.69311220678321,10.0,47.36867036142296,3.0,164.1039105961895
7140,136.0,132.11964599706616,1.0,17.171695243761544,19.0,233.53823537484178,40.0,168.27379543059504,49.0,138.5285815948239,23.0,133.77127778438785,4.0,34.41600300997082,,
7141,138.0,112.8299048304281,8.0,115.61649562135476,17.0,175.86116959740184,42.0,148.70392504375118,53.0,126.10602006313242,17.0,83.21480565882713,1.0,7.241309035053648,0.0,0.0
7143,285.0,141.371151356419,10.0,87.68001474759456,35.0,219.6645017736801,103.0,221.24892323107903,105.0,151.57237250157192,30.0,89.09303141345617,2.0,8.786539734810951,0.0,0.0
7211,88.0,78.90395237070511,4.0,69.50477845351868,6.0,78.125,36.0,99.71746717633373,28.0,78.5700255352583,10.0,63.25510784995888,4.0,37.93266951161688,0.0,0.0
7231,143.0,127.13032191531164,10.0,160.87516087516087,23.0,262.4971467701438,48.0,205.39152759948652,48.0,121.19069861388138,12.0,56.30366443016,1.0,7.567158531971245,1.0,88.90232301770045
7232,86.0,87.25560820202718,3.0,53.80229888009706,14.0,179.72100349659027,31.0,136.2023493286934,34.0,100.38957838464837,1.0,6.074372843166,2.0,17.97201784599064,1.0,102.47460963261331
7233,65.0,107.17936879596346,3.0,101.14632501685772,11.0,241.91774796569166,22.0,175.7469244288225,21.0,101.66045408336157,6.0,48.80032533550224,2.0,26.099438862064467,0.0,0.0
7235,129.0,86.34653743691348,8.0,94.89916963226572,9.0,70.66028107089582,41.0,133.01323643913832,56.0,101.98135198135198,15.0,56.29785317519892,0.0,0.0,0.0,0.0
7311,97.0,198.92539272384235,1.0,33.42245989304813,12.0,303.3367037411527,30.0,270.5139765554554,38.0,233.2576269105641,16.0,195.83843329253367,0.0,0.0,0.0,0.0
7312,162.0,161.95141457562733,6.0,108.77447425670776,26.0,374.1007194244604,50.0,167.2296732332185,61.0,198.02623035969356,15.0,92.8102957554758,3.0,28.040003738667163,1.0,99.97000899730081
7313,59.0,125.85055779526887,5.0,202.34722784297855,10.0,294.11764705882354,22.0,159.06297447762273,18.0,119.4267515923567,2.0,27.393507738665935,2.0,41.61464835622139,0.0,0.0
7314,402.0,233.3776479945197,11.0,95.18864659051575,50.0,329.68482131082686,124.0,282.8144600296499,161.0,272.1755447737224,46.0,183.08457711442787,7.0,40.21139705882353,3.0,174.16242387650723
7315,412.0,188.49106497451712,32.0,267.26801971101645,59.0,385.218072603813,140.0,197.56710225508735,132.0,187.31640863358356,40.0,136.0220355697623,8.0,38.92754610481242,1.0,45.75025848896046
7316,45.0,84.48483027936317,2.0,66.68889629876625,5.0,123.67054167697255,11.0,97.33651889213344,18.0,101.41416417826356,8.0,80.08809690659726,0.0,0.0,1.0,187.7440672874737
7317,56.0,139.19614227834256,5.0,234.6316283435007,9.0,301.8108651911469,22.0,250.56947608200454,14.0,108.56921287320667,4.0,51.35447425856978,2.0,35.373187124159884,,
7318,99.0,195.80308933763177,5.0,184.5699520118125,16.0,402.0100502512563,28.0,251.73064820641912,34.0,194.21912487147264,14.0,152.6218249209637,2.0,32.948929159802304,0.0,0.0
7319,189.0,226.23351128773552,13.0,253.36191775482362,40.0,570.287995437696,63.0,308.53616729516625,56.0,199.57945757154567,15.0,106.25487001487568,2.0,22.722108611679165,0.0,0.0
7320,48.0,140.3796098616676,7.0,392.37668161434976,8.0,306.63089306247605,10.0,124.08487405385283,15.0,133.85686239514547,7.0,111.05822624147231,1.0,23.629489603024574,,
7331,174.0,134.16919197760762,10.0,131.13034356150013,18.0,167.3951455407793,46.0,166.08296927465068,70.0,149.05668412759252,25.0,103.00358452474146,5.0,40.394247859104865,0.0,0.0
7332,152.0,114.5691221141018,9.0,129.75778546712803,26.0,258.9125672176857,49.0,193.16434738045493,53.0,111.97025394008536,12.0,45.47349274318845,2.0,12.046015780280673,1.0,75.37442244348803
7333,151.0,201.0625690736475,3.0,70.60902491206836,15.0,252.70942500709663,42.0,242.17626482005724,51.0,197.62381130416364,27.0,215.2407966401602,13.0,153.30968070959696,0.0,0.0
7334,170.0,131.76966662274344,7.0,91.76717357105402,26.0,244.42982043809346,35.0,121.91298895816642,75.0,161.1759396557282,24.0,106.61928031985784,3.0,23.08402585410896,0.0,0.0
7335,108.0,101.90698157182084,4.0,59.373608431052396,14.0,158.22784810126583,32.0,144.31315955623703,43.0,117.46387302974841,10.0,50.0575662011313,5.0,42.970092815400484,0.0,0.0
7336,64.0,91.14342272034635,4.0,106.92328254477412,7.0,133.74092472296522,24.0,171.12299465240642,17.0,70.38171731390246,11.0,75.1776927282668,1.0,11.858176212498519,,
7337,113.0,102.24301264013174,7.0,120.1923076923077,14.0,163.66612111292963,38.0,174.18408507517418,33.0,83.0983078162772,18.0,83.01051466519093,3.0,23.200061866831646,0.0,0.0
7338,187.0,121.27029007593984,8.0,91.70383036722625,37.0,303.5920776631127,41.0,115.13958840892822,78.0,147.20488658294497,19.0,73.76884050110179,4.0,22.974430138827675,0.0,0.0
7339,264.0,124.87169905920527,17.0,138.6170906718852,30.0,164.67230211878362,77.0,179.374286579542,105.0,134.4464646981997,26.0,68.81948120698783,7.0,31.631269769543607,2.0,94.59977201454944
7340,72.0,75.92453944385275,6.0,133.7196344996657,10.0,151.4692517418964,17.0,93.43739694404749,32.0,96.1567354788305,5.0,25.425883549453342,2.0,15.867978419549349,,
8111,1392.0,218.89855655901533,63.0,176.21884702525804,110.0,234.40663157670426,488.0,261.83769282360834,533.0,241.89668787611984,159.0,191.04606733472713,39.0,61.62110917996524,0.0,0.0
8115,786.0,200.0982670879083,34.0,135.4635642854297,76.0,224.64603470190062,272.0,296.8751705395051,317.0,228.27926403341374,78.0,128.9490651192779,9.0,20.978042981679177,0.0,0.0
8116,1194.0,223.16755883848202,60.0,194.3068104537064,120.0,273.1742851939537,365.0,287.0805870601375,490.0,258.37068283680463,130.0,155.7427130380611,29.0,48.37041731994529,0.0,0.0
8117,623.0,241.33723295047358,13.0,86.37299847186233,39.0,183.37408312958436,203.0,346.67076523729014,266.0,295.9764999109845,87.0,200.72908495224033,14.0,46.581267675927464,1.0,38.73791861163299
8118,1123.0,205.89524094143445,56.0,165.43085876340433,112.0,241.86408102446714,363.0,284.5831210066246,450.0,231.14973880079515,126.0,149.39884749460504,16.0,27.26049102959467,,
8119,1029.0,241.45974028412,29.0,120.28515481559745,125.0,371.12077616474727,298.0,302.8123785492277,424.0,289.5409702857926,127.0,178.41839235213484,26.0,54.034936952827074,,
8121,339.0,267.78943377148636,16.0,204.8131080389145,31.0,289.7196261682243,107.0,316.11912077523044,147.0,347.55059580102136,35.0,189.0154992709402,3.0,22.3563603845294,0.0,0.0
8125,927.0,269.12000371600436,24.0,113.71712864250178,75.0,258.1311306143521,286.0,357.8041335134865,391.0,314.3693317038657,116.0,207.60626398210292,33.0,96.73731422038519,2.0,58.062568223517665
8126,276.0,246.4065708418891,10.0,157.80758801063138,29.0,327.5797906712383,82.0,317.01883175154256,111.0,288.3905305471138,39.0,208.45597901987395,5.0,39.53531048385597,0.0,0.0
8127,475.0,241.40962894069455,5.0,41.318899264523594,38.0,225.6666072807174,146.0,312.14589613666004,221.0,320.8431933334301,58.0,175.49698931889014,7.0,36.61470865153259,,
8128,140.0,105.80331164365445,6.0,80.15066965819857,16.0,152.991431664577,42.0,137.45119568512268,53.0,116.56332027328693,20.0,90.49149595231054,3.0,20.080033225096734,,
8135,334.0,251.5495906670583,22.0,289.93147074327885,47.0,419.75529159596323,92.0,303.981496778457,130.0,285.33801580333625,36.0,160.77888437318566,6.0,38.03245436105477,1.0,75.31424870271206
8136,766.0,243.9474907803135,31.0,174.50744451474685,50.0,201.47143996384273,236.0,325.46747509063965,317.0,293.7931477720709,121.0,230.70632568336947,11.0,31.026459322083166,0.0,0.0
8211,110.0,199.3295279514361,5.0,181.35654697134567,14.0,358.42293906810033,33.0,290.7745175786413,38.0,200.43251226330503,18.0,176.57445556209535,2.0,24.93765586034913,,
8212,457.0,146.44619624431198,33.0,205.50504421472164,62.0,288.4525914208616,166.0,172.53923708554206,160.0,155.05678954917238,32.0,73.34402933761173,3.0,9.529860228716645,1.0,32.04511952829584
8215,722.0,162.21037472393905,23.0,91.91176470588235,89.0,243.84229704923422,250.0,255.00576313024675,259.0,162.19127298231552,88.0,114.61168778734323,13.0,26.491685686338442,0.0,0.0
8216,430.0,185.80935096361594,14.0,108.8562320192831,47.0,254.9359947927967,134.0,266.131755079343,171.0,207.54442178852315,49.0,118.86279836988162,15.0,57.348218382015595,0.0,0.0
8221,139.0,86.07610613988915,7.0,77.82101167315174,23.0,211.20293847566575,46.0,81.51692362218678,48.0,95.0815125883961,15.0,73.59434795407712,0.0,0.0,0.0,0.0
8222,659.0,212.13038131965055,19.0,106.85563241662449,98.0,433.53240433532403,216.0,238.68722028841373,251.0,238.9201949436491,63.0,141.33165829145727,12.0,39.80759661635429,0.0,0.0
8225,235.0,163.723133730449,6.0,73.88871536449292,17.0,149.85354046831105,67.0,202.13661799840176,103.0,208.83064290989506,39.0,162.672199881674,3.0,18.511234725871912,0.0,0.0
8226,736.0,134.39853914631362,25.0,80.69403302018179,102.0,235.66376185658825,232.0,183.45633991396875,283.0,150.38966218042725,83.0,90.7405427601161,11.0,17.79022192203197,0.0,0.0
8231,238.0,188.95337297649198,7.0,85.37626539821929,22.0,204.0248539367523,64.0,195.2767437602978,109.0,264.3962547906661,23.0,120.06681979536438,12.0,86.83696360083943,1.0,79.39217351953445
8235,424.0,266.3299853644135,12.0,129.89824637367394,50.0,375.17820964958355,133.0,371.7160424818334,178.0,317.6812835751638,38.0,138.52940104261603,11.0,63.24019776934575,2.0,125.62735158698752
8236,448.0,225.23315150448707,12.0,106.64002171732729,63.0,400.7474332737913,126.0,274.31708098214403,191.0,279.4489494567081,50.0,150.49804223003045,6.0,26.716372905437517,0.0,0.0
8237,274.0,231.72619097959287,13.0,195.78313253012047,27.0,271.41133896260556,98.0,363.6093796378747,104.0,249.96394750757102,27.0,133.58400949930734,5.0,38.80481179666278,,
8311,239.0,103.37593806094422,5.0,36.65420423722601,38.0,218.86879391775142,95.0,125.23398982309051,72.0,98.14077749304836,25.0,81.89203354297693,4.0,19.567556990509736,,
8315,195.0,73.97544015386892,7.0,45.001607200257155,32.0,142.55167498218103,51.0,88.38361956917318,68.0,74.4365264413867,35.0,75.73134845075299,2.0,6.595000989250148,,
8316,173.0,103.9613480121148,11.0,112.03911183540436,30.0,212.91696238466997,43.0,118.33668161928613,63.0,106.97911360163016,23.0,78.88328703227356,3.0,16.559947008169573,0.0,0.0
8317,692.0,161.12545665795068,25.0,102.89227140949161,87.0,256.3027227390773,196.0,197.62511888397776,297.0,201.246960841973,56.0,78.06433064372393,31.0,63.92808679641982,0.0,0.0
8325,306.0,218.7620640844164,18.0,216.34615384615384,33.0,275.643167390578,95.0,299.0524758397079,118.0,243.36420071359333,31.0,132.23563537089962,10.0,62.93662282081944,1.0,71.49087061582236
8326,459.0,216.12102777555432,12.0,99.87349866365157,51.0,303.82983314588915,129.0,263.0280437928595,200.0,274.0495850041235,58.0,163.50042227942464,9.0,37.53174826907338,0.0,0.0
8327,375.0,266.3995567111376,7.0,79.09604519774011,36.0,281.49190710767067,123.0,363.99147727272725,159.0,329.2470802617411,42.0,188.22264049475666,8.0,54.31461742141354,,
8335,436.0,152.28515045144164,13.0,80.17762427531763,36.0,157.58371634931058,144.0,198.43730621356815,169.0,176.09669688444305,61.0,132.10897907913545,13.0,39.95696941755033,0.0,0.0
8336,244.0,106.67319529938445,6.0,43.93351394889068,31.0,155.4975922953451,69.0,135.20398165928597,102.0,125.52301255230125,30.0,79.09306617453203,6.0,24.078012761346763,0.0,0.0
8337,192.0,112.27873195207101,6.0,59.31784478497281,31.0,205.06714295164383,46.0,120.76026462249291,79.0,134.23274939255433,23.0,76.74853176721837,7.0,37.11952487008166,0.0,0.0
8415,592.0,206.24734352027983,23.0,134.2438568843752,69.0,285.5487502069194,188.0,283.19650523461627,242.0,241.0814795628655,63.0,134.2882721575649,7.0,21.83610443896809,0.0,0.0
8416,440.0,192.41028870289227,30.0,220.5071664829107,47.0,255.26830328046927,157.0,233.07946970709185,157.0,210.20498333087872,37.0,108.29479599601943,12.0,58.688316134396246,0.0,0.0
8417,379.0,200.59808928996745,7.0,65.48929289517334,39.0,261.17288682028584,129.0,295.6686636608955,156.0,240.28518502105692,40.0,126.75179544187877,8.0,37.50157569362338,,
8421,291.0,229.51336856218944,11.0,150.64365927143248,32.0,317.64939448084175,92.0,245.03928618990545,120.0,289.14965904436036,29.0,162.1561171997316,7.0,56.07177186799103,0.0,0.0
8425,356.0,181.5891087341301,8.0,72.12975636687456,37.0,238.79070818594337,120.0,265.0629647009007,141.0,209.30216766130738,46.0,140.47666142600025,4.0,18.070565230977095,0.0,0.0
8426,479.0,237.97458292346062,15.0,114.89850631941785,39.0,215.9827213822894,148.0,309.15129613769767,194.0,273.5669463442149,75.0,233.35407591785938,8.0,41.575719779648686,,
8435,335.0,154.92977287757773,10.0,81.74755203129499,32.0,187.24746890340703,101.0,202.27371786411447,142.0,191.11432285542568,35.0,96.90912403555033,15.0,61.440293681594454,0.0,0.0
8436,425.0,148.90128370424353,13.0,75.79291044776119,51.0,210.3960396039604,136.0,196.0134326852399,164.0,165.96334638776727,48.0,103.71874932474772,13.0,43.98876594592765,,
8437,239.0,182.65328737705295,12.0,158.62524785194978,20.0,182.11619012930248,79.0,257.90865463092945,93.0,204.9270635934952,28.0,125.76356449874237,7.0,49.91087344028521,0.0,0.0
9161,260.0,189.23954815418656,6.0,68.82312456985547,28.0,258.80395600332747,109.0,295.0251718724625,94.0,198.17426686062447,19.0,95.65523838292302,4.0,29.383677367222507,,
9162,2159.0,145.46302247770893,78.0,83.62817626246381,219.0,200.04749986298117,786.0,183.43057176196032,818.0,157.0334876792063,219.0,113.93728766823959,39.0,27.884429763411337,0.0,0.0
9163,109.0,171.51579046749853,3.0,80.34279592929833,12.0,241.54589371980677,39.0,231.50896355217856,45.0,207.17278210027163,10.0,104.6134532900931,0.0,0.0,,
9171,241.0,216.11248610064922,8.0,120.73649260488983,11.0,120.81274025260846,83.0,336.3864796952257,103.0,265.2861484572194,31.0,158.89287544848796,5.0,39.13894324853229,0.0,0.0
9172,138.0,130.2759395444118,7.0,120.33694344163658,13.0,164.2243557352198,51.0,210.63065295502415,53.0,147.26722053960933,14.0,76.72914611421682,0.0,0.0,,
9173,188.0,146.9703010545901,4.0,52.404035110703525,14.0,131.41837979911762,70.0,249.207874968849,69.0,151.16992375777758,20.0,95.12937595129375,11.0,73.95455156649186,,
9174,323.0,208.52297303404154,15.0,155.95757953836556,36.0,270.5749718151071,112.0,311.77796954597335,120.0,207.95064637992584,33.0,141.40029137029737,7.0,46.63868345659271,,
9175,168.0,116.951736524445,8.0,88.99766381132495,16.0,119.91306302930376,54.0,169.05112231161758,64.0,118.3585153403732,23.0,111.76442003984644,3.0,20.377666077978535,,
9176,226.0,170.07698617560072,14.0,157.44489428699956,20.0,168.0672268907563,60.0,187.89928598271325,94.0,196.45133649606052,32.0,157.20953082780645,6.0,50.19660336317243,,
9177,288.0,208.42077839371265,12.0,141.0105757931845,30.0,251.95263290501387,81.0,248.68748273003592,117.0,221.17202268431,38.0,184.32285603414823,9.0,77.06799109436547,1.0,72.36832583115023
9178,301.0,167.21571938869045,9.0,81.36696501220504,31.0,204.189171387169,98.0,206.90820032091884,118.0,175.63967075004092,38.0,154.6538602417484,7.0,47.79461969138331,0.0,0.0
9179,347.0,158.22279776208217,9.0,68.88633754305395,37.0,192.8891669273277,111.0,232.47533876473915,157.0,199.25627911108856,28.0,81.43559317104383,5.0,19.1270418117134,,
9180,75.0,84.81860128471908,1.0,21.317416329140908,8.0,123.66671819446591,19.0,100.25856155348002,33.0,109.0260340954143,11.0,70.3414758920578,3.0,24.179898444426534,,
9181,118.0,98.08648235274559,3.0,43.01075268817204,16.0,153.33013895543843,40.0,150.51740357478835,50.0,113.35298118340512,7.0,35.34996465003535,2.0,16.12253123740427,0.0,0.0
9182,161.0,160.98390160983902,3.0,53.48546978070957,25.0,307.8059591233686,51.0,241.69470641201838,59.0,163.3851181080557,20.0,120.56908608632746,3.0,24.040387851590673,,
9183,402.0,346.9345484672742,13.0,188.1603705311912,30.0,311.52647975077883,132.0,489.6687316837927,154.0,374.1587502125902,58.0,298.01664782653376,15.0,127.60527435133986,,
9184,427.0,121.83534822939285,11.0,52.8084493518963,50.0,154.41630636195183,122.0,154.30537286249114,185.0,145.62227942160405,53.0,105.2088296013975,6.0,14.712373105781962,0.0,0.0
9185,152.0,156.2130664008304,3.0,50.63291139240506,17.0,202.6704816404387,48.0,214.1518693673597,66.0,187.78274105898086,14.0,88.30579033682352,4.0,41.775456919060055,,
9186,223.0,173.91033089754887,6.0,73.87343018960847,25.0,231.13905325443787,67.0,223.48232154769846,88.0,186.03471238610658,30.0,148.57369255150556,7.0,59.25173522938886,,
9187,343.0,131.25167412849655,17.0,112.77696696298261,37.0,170.7981350690117,117.0,202.12490282456594,131.0,141.2475066041296,35.0,78.125,6.0,20.574015019030963,,
9188,146.0,106.82900773412747,8.0,105.16629420270803,19.0,152.0973422990714,31.0,113.0025881237925,67.0,136.67054239846604,20.0,89.69012063321225,1.0,5.613877505192836,,
9189,452.0,254.90782149685032,7.0,71.26132546065357,53.0,377.2241992882562,152.0,386.4832566299677,178.0,290.29469804458796,53.0,168.43041916928846,9.0,42.188159189987346,,
9190,161.0,118.83848300093004,4.0,50.377833753148614,16.0,139.15463558879804,56.0,189.817639482069,57.0,119.5695496213631,19.0,82.06988898967647,9.0,57.26648002036141,,
9261,148.0,201.60466415114902,5.0,122.18963831867057,16.0,289.0695573622403,54.0,282.41200774018097,61.0,240.4319892790982,11.0,97.6649205362692,1.0,12.454851164528584,,
9262,69.0,130.6743935003693,1.0,40.633888663145065,3.0,91.29640900791236,33.0,199.0830115830116,26.0,162.77468227634134,5.0,58.534301100444864,1.0,16.764459346186086,,
9263,90.0,188.31997656462514,2.0,81.76614881439085,2.0,58.85815185403178,37.0,314.38524938397484,37.0,221.74277837708257,12.0,145.19056261343013,0.0,0.0,,
9271,289.0,241.88553541237718,10.0,160.41065126724413,29.0,315.1831322682317,101.0,357.28182815097813,101.0,238.19631149474083,37.0,173.8966959627767,11.0,90.9466721785862,,
9272,193.0,246.29284602230672,8.0,201.00502512562815,19.0,340.3188250044779,59.0,345.1301550160866,79.0,283.60137851809304,27.0,173.176832788147,1.0,12.110936175366357,,
9273,255.0,207.2193599765964,4.0,54.20788724759453,21.0,198.22541060977912,79.0,270.8819092031271,115.0,258.2006780574328,33.0,165.57952834922227,3.0,26.19629758994062,0.0,0.0
9274,385.0,240.78301385284092,12.0,123.00123001230013,38.0,273.6175115207373,125.0,347.91805833890004,162.0,273.247086207769,40.0,151.53237110277684,8.0,54.64854156704693,,
9275,351.0,182.19001744041194,17.0,170.8371017988142,42.0,280.84252758274823,97.0,232.1073915436338,144.0,210.8777787540638,42.0,115.07164579851502,9.0,42.504958911873054,0.0,0.0
9276,162.0,209.27528743056453,13.0,319.88188976377955,15.0,262.7430373095113,54.0,317.0316444548817,55.0,203.89249304911957,20.0,130.99292638197537,4.0,47.84116732448272,1.0,129.1822761917065
9277,385.0,316.8672120623529,13.0,197.26858877086494,36.0,375.27363702699887,124.0,446.83074483802386,159.0,373.47614685363965,44.0,203.7791774731382,9.0,67.14914571364619,,
9278,199.0,196.79588607594937,5.0,85.51393877201984,14.0,166.34980988593156,49.0,217.81650071123755,78.0,210.75385031072682,36.0,204.07006405532567,17.0,175.07723995880536,,
9279,282.0,291.67485493830355,9.0,161.43497757847533,21.0,274.079874706343,68.0,296.0125370015671,136.0,389.48393378773125,41.0,250.73385518591,5.0,54.32420686657975,2.0,206.86159924702378
9361,70.0,165.8492667093136,2.0,92.5925925925926,10.0,323.62459546925567,20.0,202.34722784297855,28.0,198.28624035124992,5.0,65.09569066527796,5.0,94.8586605957124,,
9362,294.0,192.03887807490824,11.0,130.47088127149803,38.0,360.6339565341179,102.0,205.09520841292502,110.0,220.03960712928327,27.0,133.5179507467115,6.0,42.31311706629055,0.0,0.0
9363,52.0,121.65734740191377,2.0,89.52551477170994,0.0,0.0,30.0,292.22676797194623,13.0,90.42220212839953,6.0,79.93605115907275,1.0,18.85369532428356,,
9371,149.0,144.59140797096526,5.0,88.84150675195451,14.0,178.45761631612493,61.0,269.23246678730635,52.0,141.12793790370733,17.0,90.34863945578232,0.0,0.0,,
9372,307.0,239.84749761715028,8.0,115.79099724996381,26.0,265.84867075664624,77.0,269.84405116523567,119.0,261.8895662316512,63.0,264.53915599412136,14.0,103.55029585798816,,
9373,235.0,174.62641094424586,14.0,175.5926251097454,21.0,189.78761861726164,79.0,253.41630846218,96.0,196.3792574409328,23.0,101.95035460992908,2.0,15.48467017652524,0.0,0.0
9374,117.0,123.87506617257809,5.0,94.41087613293051,11.0,152.33347181830771,36.0,173.75355953472658,40.0,117.8967224711153,17.0,98.09578765147144,8.0,80.35355564483729,,
9375,355.0,182.92368732931416,9.0,78.20646506777894,46.0,281.17359413202934,88.0,207.31736047306052,157.0,218.96792189679218,49.0,145.40059347181008,6.0,32.68864069735767,0.0,0.0
9376,177.0,119.69811729062974,6.0,73.56547327121137,15.0,131.07305138063614,58.0,171.94865257478284,64.0,120.08180573015366,28.0,108.18329340854648,6.0,39.057414399166774,,
9377,54.0,74.95211392721318,5.0,135.09862199405566,3.0,56.45464809936018,12.0,77.9423226812159,19.0,74.81787753494783,11.0,80.22755451827,4.0,46.89881580490093,,
9461,104.0,134.41381360422886,4.0,92.52833680314596,15.0,287.24626579854464,36.0,152.29070603663436,33.0,133.78197591924433,11.0,97.29347249248187,5.0,60.85686465433301,,
9462,124.0,165.81308586176002,2.0,58.445353594389246,9.0,194.38444924406048,51.0,214.6013044393015,36.0,160.92981671881984,23.0,191.30000831739167,3.0,34.99358450950659,,
9463,88.0,214.25788858589794,5.0,245.21824423737127,13.0,462.30440967283073,26.0,253.93104795390175,33.0,246.7843254561771,9.0,123.52456766401318,2.0,37.56574004507889,,
9464,145.0,316.4211674849973,10.0,380.95238095238096,21.0,616.1971830985915,49.0,455.8139534883721,38.0,256.4794816414687,20.0,238.63500775563776,7.0,119.76047904191617,,
9471,247.0,167.84110136379388,12.0,137.520055008022,18.0,149.46441916465997,77.0,237.29544824185646,101.0,184.94781175608864,36.0,141.06583072100312,3.0,21.715526601520086,,
9472,133.0,128.29912023460412,1.0,18.751171948246764,10.0,122.36906510034264,39.0,186.04207413061107,60.0,158.84782378481415,21.0,107.75309148750577,2.0,16.75743611227482,,
9473,151.0,174.06942026813607,2.0,43.04778303917348,10.0,154.20200462606013,50.0,282.59763748375065,61.0,197.28331177231564,22.0,132.99480111232015,6.0,57.355893318038426,0.0,0.0
9474,133.0,114.45487638012789,5.0,75.27853056308341,12.0,126.3157894736842,49.0,195.75726099636452,52.0,122.9023871425195,13.0,62.62042389210019,2.0,16.722408026755854,,
9475,256.0,270.03934557652343,10.0,224.26553038797937,22.0,329.2920221523724,51.0,278.33869999454237,99.0,298.70560902754727,57.0,301.06163840912694,17.0,128.1857939978887,,
9476,207.0,310.14488410769667,9.0,306.95770804911325,23.0,501.85468034038837,55.0,416.2567168697495,83.0,342.53642028806075,29.0,217.75041297492115,8.0,94.49562957713206,,
9477,167.0,233.3510326132521,7.0,212.37864077669903,19.0,372.3300019596316,50.0,347.1498993265292,71.0,276.975891394242,18.0,125.81253931641854,2.0,22.66802674827156,0.0,0.0
9478,170.0,254.5824847250509,8.0,230.88023088023087,19.0,382.21685777509555,55.0,391.26413886319983,57.0,239.52599067109298,28.0,223.2320816391613,3.0,37.76910487221453,,
9479,87.0,119.74399559562315,1.0,28.019052956010086,1.0,19.50078003120125,27.0,190.3687513220052,33.0,133.22029792902993,21.0,141.6239546803345,4.0,39.308176100628934,,
9561,62.0,148.33245609837792,5.0,194.1747572815534,12.0,365.29680365296804,18.0,178.83755588673623,21.0,149.3174061433447,6.0,85.25149190110827,0.0,0.0,,
9562,130.0,115.5268022181146,8.0,125.0,22.0,258.45864661654133,48.0,135.5281362057769,44.0,121.15538177712916,7.0,47.00194722352783,1.0,9.1000091000091,,
9563,359.0,279.3839544892099,12.0,152.12981744421907,34.0,352.36812104881335,118.0,370.45176278529493,142.0,299.9894369916552,40.0,202.95296565021056,12.0,99.47774185525988,1.0,77.82282854852642
9564,986.0,190.21162490113238,41.0,134.35134515188255,96.0,243.97682220189083,332.0,242.30746774099376,366.0,206.52879270942077,132.0,169.1505311582967,19.0,33.78558600209826,0.0,0.0
9565,52.0,126.88807008125717,0.0,0.0,6.0,178.51829812555786,16.0,180.18018018018017,24.0,163.3986928104575,4.0,59.04059040590406,2.0,41.692724619553886,,
9571,330.0,178.77361301471902,5.0,46.18084418583172,25.0,164.10660364973086,90.0,214.27040925648168,155.0,235.75578742433,51.0,160.13564431047476,4.0,21.12713251993873,,
9572,216.0,157.36329064125542,14.0,165.75893914278947,17.0,141.30163743662206,59.0,207.11201600730158,96.0,191.85035672175704,22.0,90.9466721785862,8.0,56.862605728907525,,
9573,200.0,169.70293501226104,8.0,114.38375750643408,13.0,138.3273036816344,63.0,268.6796315250768,74.0,174.13403614457832,38.0,177.71126595893935,4.0,28.300551860761285,,
9574,248.0,145.20586444329945,10.0,103.72368011617053,26.0,190.7976810743377,64.0,182.18565857268922,101.0,163.2877421023701,39.0,128.007352217153,7.0,34.87097738368038,1.0,58.550751791653
9575,240.0,237.59082899400084,9.0,155.84415584415584,29.0,355.61005518087063,69.0,309.59752321981426,87.0,241.03729151659556,38.0,209.58579228944902,8.0,75.67158531971245,,
9576,141.0,111.24348121089713,5.0,67.44907594765952,11.0,107.57946210268949,33.0,121.10091743119266,66.0,143.53442651472315,21.0,94.8509485094851,5.0,36.392750564087635,,
9577,166.0,175.22747904659363,5.0,91.75995595522114,18.0,237.9693283976732,59.0,280.4049237203555,69.0,209.89870106166154,14.0,81.70888292284347,1.0,9.3694368968425,0.0,0.0
9661,134.0,188.72707811047576,3.0,74.31260837255388,10.0,186.1850679575498,50.0,288.4504442136841,55.0,223.06038853064038,14.0,117.3512154233026,2.0,26.065424214779096,,
9662,92.0,172.20080110807473,3.0,98.8793671720501,7.0,166.1523854735343,27.0,206.48516365861119,33.0,196.67441444662973,12.0,129.94044396318355,10.0,141.0636196924813,0.0,0.0
9663,178.0,139.13424109306362,9.0,141.84397163120568,23.0,316.3251272177142,77.0,175.4226090126213,41.0,108.99327431746285,24.0,131.19055428009185,3.0,20.671122441948597,1.0,78.16530398486721
9671,229.0,131.45809414466132,7.0,72.29164515129608,21.0,153.6435469710272,69.0,187.46943433135903,94.0,148.89438002914528,29.0,91.99632014719411,9.0,46.42046626779451,,
9672,187.0,181.14011720831112,11.0,209.00627018810565,16.0,207.54961733039303,62.0,294.5228255189777,68.0,191.31217645734864,22.0,108.55084620318745,8.0,59.69703753451235,,
9673,134.0,168.26772147924908,6.0,138.66420152530623,16.0,252.2863450015768,32.0,187.32072820933092,51.0,183.9229687330953,25.0,165.14731140177037,4.0,44.36557231588287,,
9674,296.0,350.7773985589685,7.0,148.93617021276594,32.0,481.9277108433735,70.0,383.8771593090211,127.0,420.08467848637207,48.0,302.571860816944,12.0,137.72523814989097,,
9675,119.0,130.5468707147167,3.0,58.10575246949448,14.0,197.32205778717406,37.0,179.53321364452424,40.0,122.65047680372858,20.0,123.84667781286767,4.0,41.990342221289104,1.0,109.7032527014426
9676,234.0,181.75745477424016,4.0,56.74563767910342,26.0,252.01124357855966,69.0,248.0675894301636,106.0,228.54678740836567,24.0,104.53416960669018,5.0,35.154327497714974,,
9677,146.0,115.72789676437483,7.0,105.98031794095382,15.0,160.94420600858368,37.0,141.73529975100556,52.0,116.24008047390187,25.0,102.3457649322471,10.0,66.81812107443538,,
9678,109.0,94.41725496989909,4.0,60.368246302444916,17.0,189.79569052137992,29.0,115.38155486591867,43.0,106.13091124494026,11.0,51.78907721280603,5.0,38.544557508479805,,
9679,163.0,100.43006247612476,8.0,83.99832003359933,22.0,168.9448625403164,48.0,137.04496788008566,57.0,99.15457676651707,26.0,86.40170144889007,2.0,11.659767970617384,,
9761,594.0,200.28187819894666,22.0,129.66346437201628,59.0,276.33366118682966,220.0,260.09954719033374,229.0,230.89332526719096,48.0,111.02886750555145,16.0,51.1688893152963,,
9762,75.0,168.926528221992,1.0,38.13882532418002,5.0,142.9388221841052,33.0,319.6745132229003,27.0,182.13707501349162,9.0,117.89363374377784,0.0,0.0,,
9763,187.0,270.4226981533167,5.0,126.83916793505834,17.0,337.9721669980119,45.0,247.7564279028795,81.0,362.2702267543271,28.0,248.31500532103584,11.0,131.24925426560077,,
9764,102.0,231.2925170068027,1.0,39.57261574990107,6.0,172.61219792865361,39.0,372.06639954207213,38.0,251.4058881905392,17.0,232.87671232876713,1.0,19.23076923076923,,
9771,305.0,226.50477145297242,22.0,257.88301488688313,53.0,459.0334314914256,75.0,251.99919360258048,118.0,240.91465904450797,31.0,141.38465748426526,5.0,35.94536304816678,1.0,74.26385949277784
9772,501.0,197.65808701690153,22.0,140.04710675409,61.0,283.3782402675834,140.0,252.9815684857246,192.0,210.2427646923557,71.0,166.7762848820821,15.0,55.559671086747166,0.0,0.0
9773,174.0,180.19510780638348,3.0,53.60014293371449,18.0,224.29906542056074,66.0,297.28390613035447,65.0,190.38134848573605,21.0,126.36899747262005,1.0,10.02104419280489,0.0,0.0
9774,301.0,236.9574972249994,19.0,254.1126120101645,36.0,342.9878048780488,98.0,325.9604190919674,120.0,264.3113587806436,22.0,104.7868540128602,5.0,39.704597792424366,1.0,78.7234210049832
9775,331.0,188.9226273372754,10.0,95.75792396820837,16.0,110.50486912079563,108.0,259.5592299742844,154.0,250.0081171466606,38.0,133.6052316995992,4.0,21.467289218053992,1.0,57.07632245839136
9776,103.0,125.63886754247936,2.0,43.66812227074236,14.0,218.00062285892244,30.0,167.2800267648043,48.0,165.74585635359117,9.0,65.000722230247,0.0,0.0,,
9777,296.0,209.65845504384413,5.0,58.05178218971322,23.0,195.04748982360923,126.0,397.7900552486188,96.0,193.82192610539067,37.0,153.23449018470967,9.0,58.343057176196034,,
9778,336.0,231.18046525068632,6.0,68.62632963513668,23.0,191.89053896212246,112.0,337.31891696533444,143.0,280.47464940668823,44.0,181.28630876354498,6.0,37.144802823005016,2.0,137.60741979207518
9779,345.0,257.880298692659,10.0,131.5962626661403,41.0,364.088446851967,122.0,393.85330578512395,119.0,248.9539748953975,42.0,188.81496133788886,11.0,79.11961447169675,,
9780,233.0,149.35131531716323,7.0,76.83020524640544,15.0,124.30595839893925,75.0,222.60477264632553,90.0,164.24256802379693,35.0,126.99564586357039,11.0,58.569831212395506,0.0,0.0
10041,542.0,164.88497599737158,20.0,117.21955222131051,84.0,354.93957576269753,181.0,230.24474634915788,178.0,163.8499208365551,64.0,104.1276865756634,10.0,25.46148949713558,5.0,152.10791143668965
10042,127.0,123.01076102011758,3.0,61.67763157894737,15.0,190.59720457433292,37.0,173.83950385265928,42.0,113.99723149580653,13.0,63.93547435203856,17.0,141.09054693335545,,
10043,201.0,152.95872397418725,13.0,200.58632927017436,19.0,205.07285483000538,57.0,210.47967209482664,71.0,156.71905350520925,31.0,117.48654589555068,10.0,59.203125925048845,,
10044,311.0,160.04610974737417,28.0,279.91602519244225,66.0,466.56298600311044,89.0,219.69341660289797,86.0,129.23197138864262,38.0,97.47338720020521,4.0,16.57893646122601,,
10045,161.0,112.87868696145999,15.0,185.8925612216575,15.0,133.06175044315728,42.0,127.51561486809402,47.0,95.89561423883151,28.0,117.5305181220629,14.0,86.93327787388985,0.0,0.0
10046,101.0,116.0826140425483,4.0,102.40655401945725,5.0,82.38589553468447,37.0,215.9071015930443,35.0,114.69017269063146,18.0,98.45749917952084,2.0,18.02451333813987,0.0,0.0
11000,4964.0,135.27761752243023,176.0,76.59700401263851,735.0,253.64857076795124,1582.0,164.0893301483546,1799.0,140.97144133307737,567.0,106.94864390251263,74.0,19.497748537010153,31.0,84.4803816115096
12051,91.0,126.06671838634601,4.0,107.03773080010704,12.0,233.7358784573432,16.0,114.02508551881414,36.0,151.1461919556638,12.0,87.61042564065124,11.0,93.48971613122556,,
12052,187.0,187.60408515419653,25.0,488.5675200312683,31.0,433.3845938766951,34.0,158.07336463805848,72.0,221.77729862929309,20.0,105.6970721911003,5.0,34.454244762954794,,
12053,80.0,138.5257398140292,1.0,36.101083032490976,6.0,142.92520247737016,26.0,219.2612582222972,28.0,148.73837981407704,16.0,135.96193065941537,3.0,36.00576092174748,0.0,0.0
12054,224.0,124.21395854359133,18.0,153.93825365603354,27.0,171.59199237368924,74.0,166.00489041433923,80.0,127.85271367384773,21.0,81.46481495849174,4.0,20.021022073176837,0.0,0.0
12060,155.0,83.67342532011833,3.0,30.205396697543293,14.0,89.1946992864424,40.0,126.33041720620282,62.0,90.34476728936555,30.0,83.46084295451384,6.0,25.660764690787786,,
12061,183.0,107.14850314126623,5.0,53.07292219509606,13.0,94.31224608241439,46.0,155.668358714044,74.0,117.15163220720008,37.0,116.2096799522598,8.0,34.73579089053884,,
12062,161.0,158.11130643149656,4.0,84.7816871555744,5.0,69.25207756232687,25.0,162.2217896307832,86.0,238.4914032168608,29.0,128.57459543338507,12.0,75.64773371997731,,
12063,169.0,103.68352597609757,4.0,45.80327493415779,18.0,129.04150835185317,34.0,117.24946548037796,73.0,118.17652010619699,37.0,124.27784495499127,3.0,15.17297187942545,,
12064,261.0,133.33265219590194,4.0,38.77847794474067,25.0,153.74208228276242,59.0,190.75948139286754,97.0,131.2353713149243,54.0,138.02622498274673,22.0,87.26695755652518,,
12065,225.0,105.67647031195693,10.0,88.93632159373888,27.0,150.28386953133696,44.0,118.51851851851852,98.0,121.4148547357988,33.0,84.44865266013255,13.0,48.53100384514877,,
12066,171.0,156.34857503360124,5.0,98.00078400627206,17.0,219.1286414024233,30.0,175.1415727713235,62.0,162.546207692106,41.0,175.48365005992125,16.0,89.5104895104895,0.0,0.0
12067,278.0,155.47837564246686,6.0,66.1448572373498,18.0,128.5806129009215,62.0,219.16646046166355,117.0,183.35971414690718,57.0,152.0973422990714,16.0,61.164417600061164,2.0,111.85494650537184
12068,113.0,114.30189862534266,8.0,164.98247061249742,9.0,120.14417300760913,32.0,194.37526574743364,43.0,122.44433054274161,14.0,65.32897806812879,7.0,51.81347150259067,,
12069,222.0,102.50916579703186,9.0,78.34261838440112,14.0,71.55635062611807,50.0,140.43365913942253,95.0,114.3159693392537,44.0,107.99401124119481,9.0,34.53171162183939,1.0,46.17529990857291
12070,83.0,108.9839544105675,3.0,85.98452278589853,9.0,170.03589646703193,23.0,185.15536950571567,33.0,125.56599824968609,13.0,77.41320788423748,2.0,16.835016835016834,,
12071,253.0,222.47625747449877,4.0,76.48183556405354,14.0,167.74502755811167,44.0,276.3819095477387,109.0,266.1392714132239,59.0,225.70772762050498,23.0,134.2830453059318,0.0,0.0
12072,188.0,110.59018688565092,3.0,31.403747513869988,8.0,56.94760820045558,54.0,171.23287671232876,84.0,132.1981083080216,32.0,105.02133245815557,7.0,33.574751786656435,0.0,0.0
12073,132.0,110.9737950515776,3.0,54.29864253393665,5.0,56.72793283412752,24.0,128.2188267977348,59.0,143.1135691068743,31.0,115.96588358521622,10.0,55.76622797233995,,
13003,195.0,93.2162473528976,13.0,118.46181884454164,14.0,98.66798223976319,74.0,133.56436358385676,59.0,91.01005738261244,28.0,80.6869921042015,7.0,24.059943630989206,,
13004,114.0,119.18078889318683,9.0,167.6602086438152,11.0,148.62856370760707,20.0,98.43004084846696,48.0,156.12294682062125,21.0,116.84192956100817,5.0,36.10890445583881,0.0,0.0
13071,456.0,176.6935065136356,9.0,72.45793414378875,49.0,244.41340782122904,107.0,246.373474556758,191.0,212.05022592785852,85.0,149.80085298368053,13.0,36.76470588235294,2.0,77.49715197966474
13072,272.0,126.04613659323243,8.0,67.98096532970769,11.0,60.62610229276896,56.0,161.04911998159437,120.0,150.50041387613817,63.0,140.411874832843,14.0,52.814244756299985,,
13073,237.0,105.47302649731644,9.0,87.26003490401396,21.0,122.07882804325078,54.0,141.76577144207292,90.0,113.34013374135782,50.0,103.78611756891398,12.0,38.08073115003808,1.0,44.50338670772846
13074,194.0,123.31396753155947,13.0,157.99708313077298,22.0,174.57546421202983,40.0,139.66480446927375,66.0,116.0133591140798,35.0,110.14948859166012,18.0,93.81351957054255,,
13075,395.0,167.64068023919566,19.0,165.59177270350358,37.0,206.84257602862255,72.0,159.66647447553999,159.0,199.35554246022292,83.0,166.28268055694681,25.0,79.37767899666613,0.0,0.0
13076,379.0,178.96014241260937,11.0,100.51169590643275,25.0,150.4483360414034,100.0,279.8455252700509,180.0,231.45766896409833,54.0,120.06670372429127,9.0,34.96367662483975,0.0,0.0
14511,651.0,264.27533349030176,21.0,154.76453681185055,87.0,476.138353765324,158.0,294.4739539651477,250.0,328.5323801513877,114.0,245.546772352295,21.0,54.80882161033538,,
14521,1202.0,355.94143845352033,27.0,141.326149611755,143.0,535.7794121392196,256.0,328.27820866557687,481.0,414.50900933143896,246.0,436.12977471346977,49.0,128.511534775383,,
14522,938.0,308.45218169083097,36.0,237.68651789251288,94.0,396.7081662798059,206.0,402.6032403697696,396.0,384.30185163619427,174.0,270.5981151441635,32.0,68.45651941384105,0.0,0.0
14523,483.0,212.03181794236949,8.0,62.07669294656911,51.0,283.26960874359986,110.0,209.10990149369476,184.0,235.06422816792173,107.0,281.2187220675315,23.0,89.42391695009947,,
14524,936.0,297.14097053352043,38.0,246.67315806556311,94.0,402.8456329819148,214.0,407.3087171678721,380.0,359.52845005392925,171.0,254.68789562264487,39.0,76.63889325577739,,
14612,805.0,144.5813427206437,18.0,50.698512843623256,88.0,190.934930243659,277.0,186.7545829035281,282.0,160.29922522041144,112.0,141.48917355163093,28.0,39.005363237445145,,
14625,854.0,284.8964831630849,23.0,145.28456825216347,120.0,486.1054848902212,169.0,365.1290914983256,330.0,315.5086860497356,171.0,275.0699739407393,41.0,88.75035175444293,,
14626,606.0,239.78632901375013,5.0,41.0711352061771,53.0,270.3116233998062,135.0,342.18797526107676,245.0,291.25751919922016,123.0,222.8745379430311,45.0,106.67045939411179,,
14627,479.0,198.16562343567065,10.0,79.73210014351778,50.0,249.16529625753725,119.0,313.44659554853155,220.0,259.1100746708124,64.0,132.71124935199586,16.0,42.09197095654004,,
14628,442.0,179.97768602444765,5.0,37.255048059012,59.0,280.4715725423084,87.0,219.41992433795713,181.0,212.79347276596246,89.0,183.4975877283411,21.0,55.38266786222902,,
14713,741.0,124.92729433780947,23.0,60.95783308155098,94.0,208.85640011553758,264.0,154.38235362915486,257.0,136.5097070618543,74.0,91.07580214397362,29.0,41.49555711362628,,
14729,418.0,161.9282634549603,8.0,58.53944094833894,40.0,187.98759281887396,95.0,236.11870557240144,183.0,196.47209130047347,76.0,143.95029926509585,16.0,43.21754632380747,,
14730,344.0,173.96493392872495,11.0,104.43368461027248,45.0,289.57528957528956,78.0,240.65161051462422,135.0,189.22934596731238,66.0,163.8448935008192,9.0,32.570932252460906,,
15001,119.0,148.55873063430832,2.0,55.41701302299806,18.0,335.00837520938023,31.0,235.9208523592085,47.0,180.40841394134807,16.0,91.95402298850574,5.0,34.413930759171315,0.0,0.0
15002,435.0,182.18979569613256,16.0,116.36363636363636,67.0,365.10271919786385,140.0,227.7200344833195,149.0,204.31390294403994,47.0,117.2274461876138,13.0,40.42037186742118,3.0,125.64813496285004
15003,330.0,138.90935112495526,3.0,22.658610271903324,43.0,245.34976606185097,103.0,172.73764003488293,136.0,183.46891146275985,36.0,88.77709550935859,9.0,27.69827347428677,0.0,0.0
15081,145.0,173.10332477765175,9.0,189.9173299082402,25.0,377.6185464784012,36.0,186.10923073139432,56.0,194.55403779111813,19.0,135.79930727762667,0.0,0.0,,
15082,195.0,123.03925898817562,9.0,123.35526315789474,11.0,98.71668311944718,34.0,133.37517652596893,79.0,141.56183922875675,30.0,86.23167576889911,31.0,129.38770399432363,1.0,63.0970558913721
15083,171.0,100.04504952522481,3.0,34.27004797806717,18.0,130.68099317554814,33.0,115.078811549728,76.0,119.76236625222585,35.0,97.92675079040878,6.0,29.24119109118378,,
15084,476.0,264.16560297463786,16.0,156.95457402138473,58.0,407.26136137505296,95.0,228.30789300498367,191.0,308.4732409772269,82.0,272.4518201188373,34.0,167.11682593716418,,
15085,396.0,185.64530495522948,8.0,82.72153862061835,53.0,350.71466384330336,83.0,234.0269553938984,145.0,195.28882543872643,79.0,168.9189189189189,28.0,87.37985270253401,0.0,0.0
15086,120.0,133.94501557110806,3.0,66.2251655629139,24.0,354.0867512540572,24.0,168.9545934530095,48.0,147.2121695393486,17.0,89.17331095258078,4.0,32.24246332419797,0.0,0.0
15087,263.0,194.8985490062397,5.0,87.10801393728222,25.0,262.19192448872576,52.0,253.21386832878846,88.0,189.44694409162344,73.0,234.64369515605412,20.0,92.7256711020446,0.0,0.0
15088,384.0,208.037620136308,14.0,134.0674556906911,63.0,431.8442113278838,87.0,204.10700558299388,159.0,250.6816770088351,51.0,165.4197557267745,10.0,47.98246987568352,0.0,0.0
15089,338.0,177.37195633921075,18.0,166.96499936779745,37.0,245.6664670850632,80.0,181.79680604785014,117.0,178.6771152076251,64.0,201.07347163569574,22.0,102.24989798544036,0.0,0.0
15090,179.0,160.98570015289144,3.0,56.04334018307491,13.0,154.87252799618776,31.0,161.2651511210529,81.0,206.8014705882353,40.0,167.45510110101728,11.0,72.53544345532477,0.0,0.0
15091,171.0,136.85145614751147,3.0,52.97545470598622,14.0,156.8276016578918,41.0,210.25641025641025,79.0,181.9438046982957,27.0,96.89227015000358,7.0,35.75624457271288,0.0,0.0
16051,397.0,185.53049102490408,12.0,97.58477677482313,36.0,216.04753045670049,141.0,270.0735519460619,154.0,218.13649111872857,50.0,136.57097593619403,4.0,15.622558975160132,,
16052,251.0,269.5302013422819,11.0,234.7417840375587,26.0,385.470719051149,54.0,327.9285844416105,88.0,295.17324657028814,62.0,303.69826108253733,10.0,66.67111140742716,,
16053,137.0,123.043208823186,3.0,46.46120489391358,11.0,130.31631323302926,61.0,182.3344791510985,38.0,114.64775984311359,15.0,92.33610341643583,8.0,58.8235294117647,1.0,89.81256118480731
16054,73.0,198.42887819728722,6.0,387.0967741935484,12.0,522.875816993464,11.0,183.67006177992988,26.0,219.7244992816699,13.0,145.4464085925263,5.0,80.85381630012937,,
16055,122.0,187.03624210461766,5.0,132.59082471492974,20.0,374.60198539052254,39.0,248.85145482388975,40.0,188.15560468507456,15.0,137.53896937465615,3.0,36.22750875498128,,
16056,87.0,205.9171597633136,1.0,44.58314757021846,2.0,62.266500622665006,22.0,268.7843616371411,43.0,296.4903813004206,17.0,216.75379319138085,2.0,31.928480204342275,0.0,0.0
16061,149.0,148.99106053636783,6.0,102.23206679161697,12.0,139.77868375072802,32.0,177.2853185595568,60.0,169.9475994901572,30.0,149.8800959232614,9.0,73.88555947787538,,
16062,125.0,149.8513474633164,7.0,165.44552115339164,9.0,141.33165829145727,29.0,185.6,55.0,195.84802193497845,19.0,111.28682715398583,6.0,49.850448654037876,,
16063,335.0,272.30237756553544,6.0,86.20700475385078,21.0,215.97417385442918,85.0,299.19446714495604,135.0,319.3413884666816,73.0,355.2515920427209,15.0,107.98659119601808,0.0,0.0
16064,121.0,117.5761815920398,1.0,17.175866694914898,9.0,110.650247944601,29.0,122.0281382945953,58.0,164.01243999437014,19.0,110.53355268686255,5.0,43.030454439683496,,
16065,144.0,191.97696276446825,1.0,23.565209418964155,20.0,337.35917072098835,26.0,150.10251825988152,66.0,256.06214215908824,24.0,191.55981659649933,7.0,82.6526173954511,,
16066,305.0,244.1640782605911,8.0,131.25512715340443,35.0,379.8155181768855,54.0,250.89439204571855,123.0,280.3035482327203,67.0,250.0279882076352,18.0,103.41855788566504,,
16067,433.0,320.9594686749489,10.0,143.9055979277594,21.0,200.88004591543907,120.0,494.37646768013843,190.0,396.452790818988,76.0,277.61542957334893,16.0,89.23094082873236,,
16068,239.0,344.24647471444825,7.0,193.8521185267239,22.0,391.18065433854906,44.0,382.4424163407214,96.0,379.852015985439,56.0,369.75899636843843,14.0,169.3070504293143,,
16069,102.0,161.4000664588509,2.0,65.33812479581836,8.0,168.1025425509561,17.0,156.5377532228361,51.0,222.24158968101796,22.0,163.62960208255856,2.0,24.61841457410143,,
16070,289.0,265.7666770888893,9.0,146.2951310419501,39.0,453.77774338701425,73.0,290.7057017200021,119.0,318.4670166365585,40.0,220.22631983788565,9.0,73.30222204055539,,
16071,152.0,185.01387604070305,5.0,111.11111111111111,7.0,97.84735812133073,37.0,271.8389537873779,73.0,244.1798233877442,27.0,154.61260951726507,3.0,31.47293327738145,,
16072,168.0,291.07541972035966,8.0,320.5128205128205,16.0,406.60736975857685,27.0,286.7155144950621,60.0,293.0975526354355,39.0,306.05038060111434,9.0,103.98613518197574,9.0,1559.332605644784
16073,280.0,271.3204585315749,6.0,124.37810945273633,10.0,138.9854065323141,57.0,353.3130849810947,121.0,340.38483177675255,73.0,317.5708008874581,13.0,78.73062015503876,,
16074,181.0,217.9383752152292,3.0,63.850024441863994,28.0,426.5687788377607,31.0,161.63850829231856,81.0,283.8278237428581,25.0,180.21946207609903,13.0,138.63421669782954,0.0,0.0
16075,231.0,285.6506900133551,4.0,87.43150780566266,8.0,125.16681029139149,53.0,283.80965989411004,98.0,352.6664837420583,55.0,407.18571497676,13.0,142.37659310198646,0.0,0.0
16076,275.0,282.34666009568986,3.0,67.70480704129993,9.0,127.60527435133986,61.0,435.6520497071847,100.0,295.5781508630882,58.0,257.9038641113433,43.0,275.80014110704894,1.0,102.67151276206903
16077,205.0,229.32444374839193,6.0,150.64022093899072,12.0,191.47917663954044,40.0,299.9850007499625,73.0,238.92907406801297,57.0,280.31867807612866,17.0,113.92574721887146,0.0,0.0
